id,nombre,vigencia,firmado,vencimiento,areas_cubre,observaciones,universidad
1,Programa de Becas conjunto Universidad Austral de Chile - DAAD ,3 años renovables automáticamente ,2002-03-13,,,Otorgan becas de un año para Alemania,2
2,Acuerdo de programa de intercambio de científicos entre el Servicio Alemán de Intercambio Académico (DAAD) y las Universidades Chilenas Integrantes del Consejo de Rectores (CRUCh) ,3 años renovables automáticamente por 1 año,2003-11-12,,,Financia gastos de traslado y estadía para profesores de las Universidades CRUCH.,2
3,Convenio de Colaboración entre la Facultad de Ciencias Forestales de la Universidad Austral de Chile y la Facultad de Ciencias Forestales de la Albert - Ludwings - University Freiburg,Indefinido,2000-12-01,,,,3
4,"Convenio Específico entre la Facultad de Ciencias Forestales, Universidad Austral de Chile, y la Facultad de Ciencias Forestales de la Albert-Ludwigs-University Freiburg, Alemania",Indefinido,2001-01-01,,,,3
5,Memorandum de Acuerdo sobre Intercambio académico y Cooperación entre la Universidad de Dortmund y la Universidad Austral de Chile,"5 años, renovable (su duración es extendida mediante acuerdos referentes al programa SPRING)",2003-03-01,,No específica ,,4
6,"Specific Agreement for Student Mobility between Technische Universität Dortmund, Germany - Faculty of Spatial Planning and Universidad Austral de Chile, Chile.","3 años, renovable automáticamente si ninguna parte expresa lo contrario",2013-06-12,,No específica,Acuerdo específico para la movilidad estudiantil,4
7,Acuerdo específico en el marco del Memorandum de Acuerdo sobre el programa conjunto de M.Sc. Spring - America,"5 años, renovable a través de acuerdo mutuo entre ambas partes (SPRING)",2005-07-19,,FACEA,,4
8,"Acuerdo general entre el instituto de acústica, Universidad Austral de Chile y Institut Für Technische Akustik, Berlin University of Tecnology, Germany","5 años, renovable acuerdo expreso de ambas partes",2004-11-20,,Ingeniería Acústica,,4
9,Convenio entre la Universidad Europea de Viadrina Frankfurt (ODER) Alemania y UACh ,Indefinido,2003-02-26,,,,5
10,Convenio General de Cooperación entre la Universidad Austral de Chile y la Universidad de Ciencias Aplicadas de Kempten ,Indefinido,2004-06-09,,,,6
11,"Convenio de Cooperación entre la Universidad de Ciencias Aplicadas, Münster y la Universidad Austral de Chile",Indefinido,2000-10-26,,,"Para estadía, hay que organizar con mínimo 3 meses de anticipación.",7
12,CALA: Convenio Específico de Doble Titulación entre la Universidad Austral de Chile y la Universidad de Ciencias Aplicadas Münster,Indefinido,2000-10-26,,,,7
13,Acuerdo Complementario entre la Universidad de Ciencias Aplicadas de Münster y la Universidad Austral de Chile,sin fecha (remite a AL-010301-03,,,Facultad de Ciencias Económicas y Administrativas,,7
14,"Memorandum de Entendimiento entre Universidad Austral de Chile y Technische Hochschule Deggendorf, Germany","5 años, renovable por consentimiento mutuo",2013-09-12,,No específica ,,8
15,Convenio Marco de Cooperación en Investigación y Docencia entre Universidad Friedrich-Alexander de Erlangen-Nürnberg (FAU) y Universidad Austral de Chile,3 años renovables por acuerdo mutuo,2011-06-01,,,,9
16,Convenio de Cooperación Académica entre la UACh y Fachhochschule Rheinland-pfalz,Indefinido,1992-06-09,,,Intercambio exige condiciones mínimas de idioma.,10
17,Acuerdo Específico de Doble Titulación para Programas de Pregrado,5 años renovables automáticamente,2006-05-17,,,,11
18,Memorandum de Entendimiento,"3 años, renovables automáticamente",2015-07-15,,Ciencias Forestales y Recursos Naturales,AL-051007-15: Protocolo Draft,12
19,Convenio Marco entre Universidad de Rottenburg - University of Applied Forest Sciences (HFR) y Universidad Austral de Chile (UACh),5 años renovables automáticamente,2011-09-27,,,Convenio que detalla actividades a corto (2012-2014) y mediano plazo,13
20,"Acuerdo de Cooperación entre la UACh y la Hochschule Furtwangen University, Alemania",5 años renovables automáticamente,2009-05-02,,,,14
21,Memorandum de Entendimiento entre Universidad Austral de Chile y University of Applied Sciences Weihenstephan-Triesdorf,"5 años, renovable por consentimiento mutuo",2013-11-11,,No específica,,15
22,Convenio Marco Chileno Alemán sobre Cooperación Académica,igual a la del Convenio Marco Chileno Alemán sobre Cooperación Académicael 16 de 1999 ,2000-10-13,,,Convenio que regula el reconocimiento de grados entre Alemania y Chile y que pone las condiciones para complementar estudios superiores entre ambos países.,16
23,"Convenio para Trabajo Académico, entre Universidad de München y la UACh",Indefinido,1982-01-01,,,,17
24,Acuerdo de Intercambio de Académicos y Estudiantes entre la Facultad de Medicina de la Universidad Ludwig - Maximilians y la Facultad de Medicina y Facultad de Ciencias de la UACH,5 años renovables por acuerdo mutuo,2008-07-09,,Medicina y Ciencias,,17
25,"Acuerdo de Cooperación entre Justus Liebig Giessen (JLU), Alemania y Universidad Austral de Chile (UACh), Chile","3 años, renovación automática por periodos de 1 año",2013-11-25,,No específica,,18
26,Convenio de Cooperación entre la Universidad de Ciencias Aplicadas de Aachen y Universidad Austral de Chile,"5 años, prrorogable por 5 años más",1998-08-13,,No específica,,19
27,Convenio Específico entre la RWTH Aachen University y la Universidad Austral de Chile,para 2007/2008,2007-06-04,,Ingeniería ,,19
28,Convenio entre Escuela Superior de Veterinaria de Hannover y la Facultad de Medicina Veterinaria de la UACh,Indefinido,1973-08-20,,,,20
29,Acuerdo de Cooperación e Intercambio Académico entre la Universidad de Karlsruhe (TH) y la Universidad Austral de Chile,5 años renovables por acuerdo mutuo,2009-06-18,,,,21
30,Anexo I al Acuerdo de Cooperación e intercambio Académico entre la Universidad de Karlsruhe (TH) y la Universidad Austral de Chile- Intercambio Estudiantil,5 años renovables por acuerdo mutuo,2009-06-14,,,,21
31,Acuerdo Internacional de Cooperación entre la Universidad Austral de Chile y la Universidad Técnica de Munich,5 años renovables por acuerdo mutuo,2009-01-19,,,"En intercambios, la Universidad anfitriona no cobrará aranceles",22
32,Convenio General entre la Universidad Austral de Chile y la Universidad de Regensburg/Alemania.,5 años renovables automáticamente,2008-07-02,,,,23
33,"Acuerdo de Cooperación entre la Universidad de Rostock, y la Facultad de Medicina de la Universidad Austral de Chile",3 años renovables automáticamente ,2006-05-01,,,Se da la opción de trabajar en las dependencias en base a proyectos a médicos titulados o profesores de la facultad.,24
34,Memorandum of Agreement for Academic Exchange,5 años renovables por acuerdo mutuo,2006-11-20,,,,24
35,Carta de Acuerdo entre las Facultades de Medicina de las Universidades Austral de Chile y de Witten/Herdecke,3 años renovables automáticamente ,2004-10-01,,,La Facultad que envía al docente costeará sus pasajes. La Facultad que recibe al docente costeará mantención.,25
36,Carta de acuerdo entre las Facultades de Medicina de la Universidad Austral de Chile y de Heidelberg,3 años renovables automáticamente,2001-11-12,,,,26
37,Memorandum of Understanding,5 años renovables por acuerdo escrito,2015-03-18,,No específica,,26
38,Convenio de Cooperación Académica entre la Universidad Austral de Chile y el Centro Latinoamericano de la Westfälische Wilhelms-Universität Münster,Indefinido,1992-06-23,,,,27
39,Memorandum of Understanding between Bauhaus University Weimar and Universidad Austral de Chile to facilitate Research and Teaching Activities,5 años renovables automáticamente,2011-09-07,,,,28
40,Memorandum de Entendimiento,5 años,2013-11-21,,,,29
41,Convenio Marco de Cooperación en Investigación y Docencia entre la Facultad de Ciencias Agrarias y Nutricionales de la Christian-Albrechts-Universität zu Kiel y UACh,5 años renovables automáticamente,2011-12-01,,,,30
42,Acuerdo de Cooperación Académica,5 años,2014-10-19,,No específica,,31
43,Memorandum of Understanding,5 años renovable por acuerdo mutuo,2014-11-04,,No específica,,32
44,Specific Agreement for Student Mobility ,3 años renovables si no se expresa lo contrario,2014-11-04,,FACEA,,32
45,Convenio Marco Alma Mater Studiorum-Universitá Di Bologna Representacion en Buenos Aires y la Universidad Austral de Chile,2 años renovables automáticamente,2008-11-13,,,,33
46,Convenio Red Universitaria Patagónica de Estudios de Mujeres y Relaciones de Género ,Indefinido,2008-10-28,,,,34
47,Convenio Marco entre el Consejo Nacional de Investigaciones Científicas y Técnicas y la Universidad Austral de Chile ,2 años renovables automáticamente,2003-06-01,,,Convenio con objeto único: complementación y cooperación científica y tecnológica ,35
48,Convenio General ,Indefinido,1996-09-02,,,Convenio enfocado exclusivamente a la cooperación científico-tecnológica en el área de las ciencias forestales y ambientales,36
49,Acuerdo de Cooperación Científica y Tecnológica entre Instituto Nacional de Tecnología Agropecuaria y la UACH ,no especificada,1992-10-01,,,,37
50,Acuerdo Colaboración entre Instituto Nacional de Tecnología Agropecuaria y el Instituto Forestal de la UACH ,no especificada,1998-07-17,,,"Convenio firmado bajo proyectos, FONDEF D/961 1052 (Chile) y ""Estudio de la variación genética de Raulí y Roble Pellín"" (Argentina)",37
51,"Convenio Marco de Cooperación Académica, Cientifica y Cultural ",5 años renovables automáticamente,2008-10-12,,,,38
52,Convenio de Colaboración Asistencia Técnica y Complementación entre la Universidad de Buenos Aires y la Universidad Austral de Chile,5 años,2009-05-18,,,,39
53,"Convenio general de cooperación en la educación e investigación en el área de las ciencias ambientales, forestales y de la madera",Indefinido,2001-01-03,,,,40
54,"Convenio de Colaboración entre la Universidad Austral de Chile y la Universidad del Salvador, República Argentina",Indefinido,2012-09-04,,,,40
55,Convenio Marco entre la Universidad Nacional de Cuyo y la Universidad Austral de Chile,5 años renovables por acuerdo mutuo,2009-06-30,,,,41
56,Acuerdo Específico de Cooperación entre la Facultad de Ciencias Jurídicas y Sociales de la Universidad Austral de Chile y la Facultad de Derecho de la Universidad Nacional de Cuyo.,30-jun-2014 renovable por acuerdo mutuo,2009-10-05,,,,41
57,Convenio de Colaboración entre la Universidad Austral de Chile y la Universidad Nacional de la Patagonia San Juan Bosco ,Indefinido,26-apr-99,,,,42
58,Convenio entre la Universidad Nacional de la Plata y la Universidad Austral de Chile ,5 años renovables automáticamente,1997-10-18,,,,43
59,Convenio de Cooperación Académica entre la Universidad Nacional de Río Cuarto Argentina y la Universidad Austral de Chile ,3 años renovables automáticamente ,2000-08-24,,,,44
60,"Convenio: Acuerdo de Cooperación e Intercambio Educacional, Cultural, Científico y Tecnólogico - Universidad de Santiago del Estero. ",5 años renovables automáticamente,1991-11-01,,,,45
61,"Convenio marco para desarrollo de actividades de cooperación académica, institucional, científico y cultural en el área de la educación superior ",5 años renovables automáticamente,2009-03-02,,,,46
62,Convenio entre la Universidad Nacional del Centro a través de la Facultad de Ciencias Veterinarias y la Universidad Austral de Chile ,3 años renovables automáticamente ,1993-12-03,,,,47
63,Convenio de Colaboración Recíproca entre la Universidad Nacional del Comahue y la Universidad Austral de Chile,Indefinido,2003-11-22,,,,48
64,Convenio Específico entre la Facultad de Filosofía y Humanidades de la Universidad Austral de Chile y la Facultad de Derecho y Ciencias Sociales de la Universidad Nacional del Comahue,Indefinido,2003-11-21,,,,48
65,Convenio Especifico de Cooperación Académica en el área de Turismo entre la Fac. de Turismo de la Universidad Nacional del Comahue y la Fac. de Cs. Económicas y Administrativas de la UACh,Indefinido,1992-01-01,,,,48
66,"Carta Acuerdo de Cooperación entre la Facultad de Ciencias Forestales, Universidad Austral de Chile y el Asentamiento Universitario de San Martín de los Andes, Universidad Nacional del Comahue ",Indefinido,2003-11-21,,,,48
67,Convenio Marco Universidad Nacional de Rosario - Argentina - y la Universidad Austral de Chile ,3 años renovables por acuerdo mutuo,2010-05-03,,,,49
68,Convenio de Colaboración y Asistencia Técnica y Complementación entre la UACh y Universidad Tecnológica Nacional de la República Argentina,Indefinido,1996-08-01,,,,50
69,Convenio Marco de Cooperación Internacional entre la Universidad Nacional de Mar del Plata y la Universidad Austral de Chile,2 años con renovación automática.,2013-01-24,,,,51
70,Convenio Marco de Colaboración Académica,5 años renovables automáticamente,2015-03-11,,No específica,,52
71,"Memorandum de Entendimiento entre The University of Adelaide, Australia y Universidad Austral de Chile ",5 años renovables por acuerdo mutuo previamente notificado (6 meses),2010-09-06,,,,53
72,Memorandum of Agreement for Academic Cooperation between Universidad Austral de Chile and the University of Queensland ,5 años ,2012-03-23,,,"Existe un informe de José Escaida, para los años 2006 - 2009 & proyecciones futuras",54
73,"Convenio específico entre la Fac. de Arquitectura y Artes, UACh y el International Water Centre","3 años, renovables si no se expresa lo contrario",08-apr-15,,Arquitectura y Artes,,55
74,Convenio de Colaboración Técnica entre la Universidad Austral de Chile y la Universidad Técnica de Salzburg,5 años prorrogable,2004-10-01,,,,56
75,Convenio Marco de Cooperación en Investigación y Docencia entre Universität für Bodenkultur Wien (BOKU) y Universidad Austral de Chile (UACh),3 años con renovación automática si las partes no se oponen.,2012-01-18,,,,57
76,"Convenio de colaboración entre Aquatic Photobiology and Plankton Ecology Laboratory de la Universidad de Innsbruck, Austria y el Laboratorio de Limnología y Ecología Planctónica de la UACh",3 años con renovación automática si las partes no se oponen.,2013-01-16,,,,58
77,Acuerdo de movilidad estudiantil,5 años,2014-07-03,,No específica,,59
78,Acuerdo de Cooperación entre Universidad Austral de Chile y Ghent University ,"5 años, prorrogables",2009-12-03,,,,60
79,Memorandum of Understanding between Universidad Austral de Chile and Université Catholique de Lovain,"5 años, prorrogables por consentimiento mutuo y por escrito",2013-04-13,,,,61
80,Acuerdo de Intercambio Interinstitucional de Estudiantes y Funcionarios,4 años,2014-09-09,,Medicina,,61
81,Convenio Marco de Cooperación en Investigación y Docencia,"5 años, prorrogables si las partes no se oponen",2014-12-19,,No específica ,,62
82,Convenio general entre la Universidad Mayor de San Simon y el Programa Forestal Cordeco-Cotesu/IC y la Universidad Austral de Chile,"3 años, renovables automáticamente ",1989-06-16,,,,63
83,"Convenio Específico entre el Programa de Repoblamiento Forestal CORDECO - COTESU/IC, Cochabamba - Bolivia y Fac. de Ciencias Forestales, UACh para la dictación de cursos cortos de perfeccionamiento y asistencia técnica","3 años, renovables automáticamente ",1990-01-22,,,,64
84,"Convenio entre la Universidad Autónoma ""Gabriel René Moreno"" de Santa Cruz de la Sierra, Bolivia y la UACh, Valdivia","5 años, renovables automáticamente ",1997-12-02,,,,65
85,Convenio de Cooperación Académica entre la Universidad Austral de Chile y la Universidad Católica Boliviana San Pablo y las Unidades Académicas Campesinas,Indefinido ,2007-07-30,,,,66
86,"Convenio Marco de Cooperación entre la Facultad Metropolitana de Guaramirim - Brasil y la Universidad Austral de Chile, incluyendo el Campus Puerto Montt","5 años, renovables automáticamente",2005-01-01,,,,67
87,Convenio de Cooperación Recíproca entre la UACh y el Inst. Euro-Americano de Educación y Motricidad Humana,"4 años, prorrogables automáticamente",2008-04-25,,,,68
88,Convenio de Cooperación Técnica entre el Servicio Nacional de Aprendizaje Industrial (SENAI) del Brasil y la Universidad Austral de Chile,Indefinido,1989-08-01,,,,69
89,Convenio Universidad de Blumenau-UACh,Indefinido,2005-12-02,,,,70
90,Convenio de Cooperación entre la Universidad Austral y la Universidad de Passo Fundo,Indefinido,2001-12-01,,,,71
91,"Acuerdo de Cooperación Académica entre la Universidad de Sao Paulo, Brasil y la Universidad Austral de Chile","5 años, renovables por acuerdo mutuo",2011-01-04,,,,72
92,Convenio específico entre la Facultad de Medicina de la Universidad Austral de Chile (FM UACh) y el Instituto de Ciencias Biomédicas de la Universida de São Paulo (ICB USP),"3 años, renovable por periodos iguales",2013-10-09,,Medicina,,72
93,"Acuerdo de Cooperación entre la Universidade Estadual de Campinas, Brasil y la Universidad Austral de Chile",Indefinido,2010-10-29,,,,73
94,"Anexo 1 al Acuerdo de Cooperación entre la Universidade Estadual de Campinas, Brasil y la Universidad Austral de Chile",5 años,2010-10-29,,,Objeto específico: estudio de enfermedades parasitarias y de los parásitos ,73
95,Convenio entre la Universidad Austral de Chile y la Universidad Federal de Río de Janeiro COPPE/UFRJ (Coordinación de Programas Postgrado en Ingeniería),Indefinido,1990-10-01,,,,74
96,"Protocolo de Intenciones celebrado entre la Universidad Federal de Santa Catarina - UFSC, Santa Catarina - Brasil y la Universidad Austral de Chile, Valdivia - Chile",No especificada,1997-07-28,,,,75
97,Convenio específico en materia de intercambio de estudiantes entre la Universidad Austral de Chile y la Universidad Federal de Santa Catarina.,"5 años, prrorogables por acuerdo mutuo escrito",2009-09-17,,,,75
98,Convenio de Cooperación que entre sí celebran Universidades Latinoamericanas-Universidad Federal do Pará -UACh para la creación del Consorcio Latinoamericano de Postgrado en Derechos Humanos,"5 años, prorrogables",2008-01-01,,,,76
99,Protocolo de Cooperación entre Sociedad Unificada Paulista de Enseñanza Renovada - Universidad Paulista - (UNIP) y la Universidad Austral de Chile (UACh),"5 años, prorrogables por acuerdo mutuo y mediante Termino Aditivo",2007-04-18,,,,77
100,"Acuerdo de Cooperación Didáctica, Científica y Cultural entre la Universidade de Caxias Do Sul y la Universidad Austral de Chile",Indefinido,2011-06-08,,,,78
101,Convenio Marco de Cooperación en Investigación y Docencia Universitaria entre la Universidade Do Oeste de Santa Catarina - UNOESC y la Universidad Austral de Chile,"3 años, renovables por periodos iguales y sucesivos ",2011-05-13,,,,79
102,"Protocolo de intenciones entre la Universidade Federal de Santa Maria, Brasil y la UACh",5 años,2009-06-15,,,,80
103,Acuerdo de Cooperación que celebran La Universidade Federal do Paraná - UFPR y la Universidad Austral de Chile,5 años,2003-08-20,,,,81
104,Acuerdo de Cooperación entre la Universidade Estadual Paulista (UNESP) y la Universidad Austral de Chile,5 años,2009-12-22,,,,82
105,Anexo al Acuerdo de Cooperación entre la Universidade Estadual Paulista (UNESP) y la Universidad Austral de Chile para Intercambio de Estudiantes,5 años,2012-05-08,,,,82
106,"Acuerdo de Cooperación entre la Universidade Federal de Uberlandia, Brasil y la Universidad Austral de Chile",5 años,2013-04-19,,,,83
107,Convenio Marco de Cooperación Científica Académica entre la Universidade Federal de Sao Carlos y la Universidad Austral de Chile,"5 años, prorrogables",2013-05-15,,,,84
108,Convenio General de Cooperación académica entre la Pontifícia Universidade Católica de São Paulo y la Universidad Austral de Chile,"5 años, prorrogable automaticamente por periodos iguales",2013-11-05,,No específica,,85
109,Convenio específico para el intercambio de estudiantes,"5 años, prorrogable automaticamente por periodos iguales",2015-05-15,,No específica,,85
110,"Acuerdo de Cooperación entre el Centro Universitario Feevale, Brasil y la Universidad Austral de Chile",5 años,2008-04-18,,Medicina,,86
111,Convenio de cooperación académico - científico y cultural,"5 años, prorrogable automaticamente por periodos iguales",2015-07-06,,No específica,,87
112,Memorándum de entendimiento entre la Asociación de Universidades y Colegios de Canadá y el Consejo de Rectores de las Universidades Chilenas,"5 años, renovables ",2006-05-01,,,,88
113,"Convenio Marco de Cooperación entre la Université Laval (Quebec, Canadá) y UACh","5 años, renovables por acuerdo mutuo ",2008-02-19,,,,89
114,Protocolo de Intercambio de Estudiantes (Protocole d'Échange d'Étudiants),"5 años, renovables tras consentimiento mutuo y por ecrito de las partes",2009-07-07,,,,89
115,"Convenio de Pasantía internacional e Intercultural entre la Université Laval (Quebec, Canadá) y UACh","5 años, renovables tras consentimiento mutuo y por ecrito de las partes",2008-07-14,,,Estipula No específica las condiciones de la pasantía de estudiantes canadienses en Chile,89
116,"Acuerdo de Cooperación entre la University of Calgary, Canada y la Universidad Austral de Chile","5 años, renovables por acuerdo mutuo ",2009-02-20,,,,90
117,Acuerdo de colaboración internacional en investigación en el campo de la Fisiología del estrés en plantas y evaluación de los posibles efectos de las variaciones ambientales sobre los recursos naturales ,5 años,2008-12-31,,,,92
118,Memorandum of Understanding between Universidad Austral de Chile and University of Saskatchewan,5 años,2013-06-18,,,,93
119,Convenio Marco de Cooperación Científica y Tecnológica entre la Université de Sherbrooke y la Universidad Austral de Chile,"5 años, renovado por consentimiento mutuo entre las partes",2013-12-09,,No específica,,94
120,Memorandum de Entendimiento,"5 años, reniovable por notificación escrita",2014-05-23,,,"Importante: Beca de Instituto Confucio para estudio de idioma Chino Mandarín, programas de campamento de verano, etc",95
121,Convenio de Cooperación Científico -Técnica entre la Universidad Austral de Chile y la Corporación Universitaria Autónoma de Occidente,,,,,,96
122,"Convenio de cooperación Académica, Científica y Cultural entre la Universidad Austral de Chile y la Corporación Universitaria Lasallista, Colombia.","5 años, renovable según previo acuerdo expreso y escrito por ambas partes",2010-03-03,,"Ciencias en Recursos Naturales, Ciencias Agrarias, Ciencias Económicas y Administrativas, Ciencias de la Ingeniería",,97
123,Convenio Marco de Cooperación Académica entre La Escuela Colombiana De Ingeniería Julio Garavito y Universidad Austral de Chile,"3 años, renovación automática por períodos iguales de tiempo",2009-06-23,,No específica,,98
124,"Acuerdo de Cooperación Educativa entre el Instituto Colombiano de Crédito Educativo y Estudios Técnicos en el Exterior ""Mariano Ospina Pérez"" - ICETEX y La Universidad Austral de Chile","5 años, Renovacion automática",2005-09-02,,No específica,,99
125,Convenio Marco de Cooperación N° 038 de 2011 entre la Universidad de Antioquia y la Universidad Austral de Chile ,"3 años, renovable por períodos iguales y sucesivos",2011-08-31,,No específica,,100
126,Acuerdo Específico: Programa de Intercambio de Alumnos y Académicos entre Universidad Austral de Chile (Escuela de Educación Física) y Universidad de Antioquia (Instituto de Educación Física y Deportes) ,"3 años, prorrogable mediante acta suscrita",2011-08-31,,Escuela de Educación Física,Estipula detalladamente las condiciones de intercambio de estudiantes de pregrado y académicos,100
127,Convenio Marco de Cooperación entre la Universidad de Caldas y la Universidad Austral de Chile,Indefinida,2011-03-30,,No específica,,101
128,"Convenio Marco de Cooperación Académica entre la Universidad de Ciencias Aplicadas y Ambientales, Colombia y Universidad Austral de Chile","5 años, renovación automática por períodos iguales",2005-01-01,,No específica,,102
129,Convenio Marco de Cooperación Institucional celebrado entre La Universidad de Córdoba (Colombia) y la Universidad Austral de Chile (Chile),"4 años, renovación automática por períodos iguales",2009-12-01,,No específica,,103
130,Convenio de Cooperación entre la Universidad Austral de Chile y La Universidad de la Sabana,Indefinda,1995-11-20,,No específica,,104
131,"Convenio de cooperación Académica, Científica y Cultural entre la Universidad Austral de Chile y la Universidad de la Salle de Bogotá, Colombia.","5 años, renovado estipulado según previo acuerdo expreso por escrito de ambas partes.",2005-09-02,,No específica,,105
132,Acuerdo Adicional - Protocolo para la planificación y ejecución de acciones en desarrollo del convenio de colaboración vigente entre La Universidad de la Salle de Bogotá - Colombia y La Universidad Austral de Chile.,Dependiente de Convenio de Cooperación,2005-09-02,,"Ciencias Agrarias, Ciencias Economicas y administrativas, Ciencias forestales, Ciencias Veterinarias, Ciencias de la Ingeniería, Filosofía y Humanidades, otros, atendiendo a los intereses de ambas instituciones.",,105
133,"Convenio Marco de Cooperación académica, cinetífica y cultural","5 años, renovable a solicitud de ambas partes",2014-06-30,,No específica,,106
134,"Convenio específico en materia de intercambio de estudiantes, celebrado entre La Universidad Austral de Chile y La Universidad de Nariño, Colombia.","2 años, renovable automáticamente por otro período similar, si nínguna de las partes se opone",2009-12-21,,Escuela de Acuicultura y Pesquerías,,106
135,"Convenio Marco de Colaboración académica, científica y cultural celebrado entre la Universidad de San Buenaventura (Colombia) y La Universidad Austral de Chile","5 años, renovable automáticamente, Si nínguna parte se opone",2011-05-18,,No específica,,107
136,Convenio Específico en materia de Intercambio estudiantil entre La Universidad de San Buenaventura y la Universidad Austral de Chile,"5 años, renovable automáticamente, Si nínguna parte se opone",2011-05-18,,No específica,,107
137,"Convenio Marco de Colaboración académica, científica y cultural entre la UACh y la Universidad del Cauca","2 años, renovable automáticamente por otro período similar ",2012-01-18,,,,108
138,"Convenio General de Cooperación entre la UACh y la Universidad EAFIT (Escuela de Administración, Finanzas y Tecnología) ","5 años, renovables automáticamente por períodos iguales",2008-04-08,,"ciencias económicas, de ingeniería y humanística",,109
139,Convenio de Cooperación entre la Universidad Austral de Chile - Chile y la Universidad INCCA de Colombia - Bogotá - Colombia,"5 años, renovación automática, a menos que las partes se opongan",2009-04-30,,No específica,,120
140,Convenio de Cooperación entre la Universidad Austral de Chile y La Universidad Industrial de Santander - Colombia,"5 años, renovación automática por períodos iguales",1999-01-01,,Facultad de Filosofía y Humanidades,,111
141,Convenio de Cooperación Académica entre las escuelas de Ingeniería Civil,5 años,2015-06-01,,Ingeniería,,111
142,"Convenio General de Cooperación Académica, Científica y Cultural","5 años, posibilidad de prorrogá acuerdo de ambas partes",2012-03-15,,No específica,,112
143,Convenio Específico para el intercambio de Estudiantes y Profesores entre la Universidad Libre - República de Colombia y La Univerisdad Austral de Chile,"5 años, renovable automáticamente por periodos de 1 año, dependiendo de si el acuerdo general se encuentra vigente",2012-03-15,,"Ciencias Económicas, Ciencias Jurídicas, Educación e Ingeniería",,112
144,Convenio de Intercambio entre La Universidad Nacional de Colombia y Universidad Austral de Chile,"5 años, posibilidad de renovación con consentimiento muto entre las partes",2010-05-12,,No específica,,113
145,Acuerdo General de Cooperación Académica entre la Universidad del Norte y la Universidad Austral de Chile,"5 años, renovable automáticamente por periodos iguales.",2013-10-30,,No específica,,114
146,Convenio de Colaboración entre Facultad de Ciencias Económicas y Administrativas Universidad Austral de Chile y Centro de Desarrollo del Espíritu Empresarial Universidad ICESI CALI / COLOMBIA,"2 años, renovable a través de acuerdo entre las partes",2014-03-30,,FACEA,,115
147,Convenio Marco de Cooperación en Investigación y Docencia,"3 años, renovale si no hay manifestación expresa de término",2014-06-30,,No específica,,116
148,Convenio Marco de Cooperación Académica,5 años,2015-05-08,,No específica,,117
149,Acuerdo de intercambio estudiantil de pregrado ,"2 años, renovables autómaticamente",2015-08-11,,No específica,,117
150,"Acuerdo de doble titulación entre la Universidad Nacional Cheju, Corea y la UACh",Indefinido,2006-05-30,,No específica,,118
151,"Acuerdo general de cooperación entre la U. de Cheju, Corea y la UACh",Indefinido,2006-05-30,,No específica,,118
152,"Acuerdo de intercambio estudiantil entre la U. de Cheju, Corea y la UACh",Indefinido,2006-05-01,,No específica,,118
153,Convenio General entre el Centro Agronómico Tropical de Investigación y Enseñanza (CATIE) y la UACh,Indefinido,2003-04-22,,No específica,Se regula mediante convenios específicos.,119
154,Convenio de Cooperación académica entre La Cátedra Latinoamericana de Decisiones Ambientales para el Cambio Global (CLADA) del Centro Agronómico Tropical de Investigación y Enseñanza (CATIE) y El Centro Transdisciplinario de Estudios Ambientales (CEAM) de la Universidad Austral de Chile (UACh),"4 años, renovable automáticamente",2014-02-26,,CEAM (Facultad de Ciencias),,120
155,Convenio Marco de Colaboración entre el Instituto Tecnológico de Costa Rica y la Universidad Austral de Chile ,Indefinido,2009-05-08,,,Las actividades/ proyectos específicos se regulan a través de cartas de intenciones,121
156,Convenio de Cooperación entre la Universidad Nacional de Costa Rica y la Universidad Austral de Chile ,5 años renovables automáticamente,1998-04-20,,,Se regula mediante CARTAS DE ENTENDIMIENTO.,121
157,Convenio General de Colaboración entre la Universidad de Costa Rica (San José) y la Universidad Austral de Chile,,,,,,122
158,"Convenio para la Cooperación Académica y de Investigación entre Universidad de Costa Rica (San José, Costa Rica), Facultad de Microbiología y Universidad Austral de Chile, Facultad de Medicina",5 años renovables mediante notificación por escrito,2012-04-16,,,Detalla condiciones de Programa de Académicos Visitantes,122
159,"Carta de Intención de Próximos Acuerdos, entre Facultad de Ciencias Veterinarias de Cuba y la UACh",No estipulado,1996-12-04,,Medicina Veterinaria,,123
160, Convenio Marco de Cooperación entre Instituto Superior Politécnico José Antonio Echeverría (ISPJAE) y La Universidad Austral de Chile,"5 años, renovable automáticamente",1905-06-27,,No específica,,124
161,Convenio General de Cooperación mutua entre la Universidad Austral de Chile y la Escuela Superior Politécnica del Litoral del Ecuador,"5 años, renovable automáticamente si ninguna de las partes se opone",2005-10-04,,No específica,,125
162,Convenio de Cooperacion Académica entre la Pontificia Universidad Católica del Ecuador y la UACh ,Indefinido,2008-01-30,,,"Movilidad: no hay Convenio específico, pero estipula en un Anexo y un apartado los términos de la movilidad",126
163,Convenio entre la Universidad Central del Ecuador y la Universidad Austral de Chile ,5 años renovables automáticamente,1998-05-29,,No específica,Se instrumentará a través de programas de trabajo o de intercambio ,127
164,"Carta de Intención de Cooperación académica entre Universidad de Cuenca - Ecuador y Universidad Austral de Chile, Valdivia, República de Chile.","5 años, renovable automáticamente si ninguna de las partes se opone",2001-03-01,,No específica,,128
165,Convenio Marco de Cooperación académica entre la Universidad Austral de Chile y la Universidad del Azuay,"5 años, renovable",2009-11-23,,No específica,,129
166,Convenio Marco de Cooperación Institucional en Investigación y Docencia entre la universidad Nacional de Loja y la Universidad Austral de Chile,"3 años, renovable por periodos iguales, si las partes lo desean y hace expreso su deseo 3 meses antes de la fecha de vencimiento",2012-12-03,,No específica,,130
167,"Convenio de Cooperación Académica, Científica y Cultural entre la UACh y la Universidad Técnica Estatal de Quevedo","5 años, renovable mediante acuerdo expreso de ambas partes",2011-01-06,,No específica,,131
168,"Convenio de Colaboración entre la Universidad Austral de Chile y la Universidad Técnica Estatal de Quevedo, Ecuador",Indefinido,2000-12-01,,Ciencias Forestales,,131
169,Convenio Marco de Cooperación Internacional ,"5 años, renovables por acuerdo mutuo",2015-03-03,,No específica,,132
170,Memorándum de Entendimiento,5 años,2015-03-19,,No específica,,133
171,Convenio específico entre las Facultades de Medicina,"3 años, renovables por escrito",2015-03-19,,Facultad de Medicina,,133
172,"Acuerdo Marco de Colaboración entre el Centro de Investigaciones Energéticas, Medioambientales y Tecnológicas y la Universidad Austral de Chile","5 años, renovable automáticamente si ninguna de las partes expresa lo contrario",2007-01-11,,No específica,Convenio específico para la investigación en las áreas de competencia para el CIEMAT,134
173,"Convenio Específico de Intercambio entre l'Escola Técnica Superior d'Arquitectura del Vallés de la Universitat Politécnica de Catalunya y la Universidad Austral de Chile, Valdivia, Chile","5 años, renovable a través de mutuo acuerdo entre las partes",2010-11-26,,Instituto de arquitectura y urbanismo,,135
174,"Convenio Marco de Cooperación y Colaboración Institucional entre la Universidad Austral de Valdivia, la escuela Andaluza de Salud Pública de España y los Servicios de Salud de la Décima Región de los Lagos de Chile",Indefinda,1999-01-01,,Medicina,,136
175,Convenio marco de colaboración entre el Institut de Recerca I Tecnologia Agroalimentaries (IRTA) y la Universidad Austral de Chile (UACh) en materia de investigación Frutícola,Indefinda,2003-04-01,,Facultad de Ciencias Agrarias,,137
176,"Convenio de colaboración entre el Instituto Vasco de Investigación y Desarrollo Agrario (NEIKER, A.B.) y la Universidad Austral de Chile ",Indefinda,2000-07-03,,Facultad de Ciencias Agrarias y Facultad de Ciencias Forestales y recursos Naturales,,138
177,"Convenio Adhesión de la Universidad Austral de Chile a la ""Red Iberoamericana de Estudios Jurídicos 1812"", Coordinada por la Universidad de Cádiz",no estipula duración,2008-07-02,,Ciencias Jurídicas,Contempla la realización de todo tipo de actividades referentes a la conmemoración del bicentenario (?),139
178,Convenio de Colaboración Universitaria - Universidad Austral de Chile y Universidad Carlos III de Madrid,"3 años, renovable automáticamente, si ninguna de las partes expresa lo contrario",2005-12-20,,Ciencias Jurídicas,,140
179,"Convenio de Cooperación académica, científica y Cultural entre La Universidad Austral de Chile y la Universidad Complutense de Madrid, España.","5 años, renovable a través de mutuo acuerdo entre las partes",2005-04-20,,No específica,,141
180,Convenio de Colaboración Cultural y Científica entre la Universidad Austral de Chile y la Universidad de Alcalá ,"5 años, renovables automáticamente por un per. similar",2004-10-27,,No específica,Docencia modalidad virtual.,142
181,"Acuerdo específico entre la Universidad de Alcalá, España y la Universidad Austral de Chile","3 años, renovación por escrito",2004-10-27,,,,142
182,Convenio Específico entre la Universidad Austral de Chile y la Universidad de Alcalá,"5 años, renovables automáticamente por un per. similar",01-Jan-06,,,Los programas de docencia son en Pedagogía Virtual. ,142
183,Convenio Marco de Colaboracion Universitaria Internacional entre la Universidad Austral de Chile y la Universidad de Alicante,"3 años, renovable automáticamente",09-Jan-09,,No específica,,143
184,Convenio Marco de Colaboración entre la Universidad de Cádiz y la Universidad Austral de Chile,"1 año, renovable por periodos iguales automáticamente",2007-05-28,,No específica,,144
185,Convenio de Colaboración entre La Universidad de Castilla - La Mancha y La Universidad Austral de Chile,Indefinida (no estipulada en el convenio),2004-07-01,,?,,145
186,Convenio de Colaboración académica entre la Universidad Austral de Chile y La Universidad de Deusto,Indefinida,2008-11-29,,No específica,,146
187,"Convenio Marco de Colaboración entre la Universidad de Las Palmas de Gran Canaria, y la Universidad Austral de Chile para el desarrollo de programas de actuación conjunta de carácter académico y de Investigación","5 años, su duración puede extenderse dependiendo de la duración de convenios firmados al amparo del Convenio Marco",2008-09-23,,No específica,,147
188,Acuerdo entre la Universidad de Las Palmas de Gran Canaria y la Universidad Austral de Chile para el intercambio de estudiantes,"5 años, renovable automáticamente si ninguna de las partes expresa lo contrario",2009-02-27,,No específica,,147
189,Convenio de Colaboración entre la Universidad de León y Universidad Austral de Chile,"5 años, renovable automáticamente si ninguna de las partes expresa lo contrario",2003-06-01,,Medicina Veterinaria,,148
190,Acuerdo específico en materia de intercambio de estudiantes,3 años,2015-10-27,,No específica,,148
191,Acuerdo de Cooperación entre la Universidad Austral de Chile y la Universidad de Lleida ,Indefinida,2010-02-15,,Específicas,"contacto: prof. Hernan Peredo, hperedolopez@gmail.com, 84093814",149
192,Convenio de Cooperación Universitaria entre La Universidad Austral de Chile (Chile) y La Universidad de Málaga (España),"5 años, renovable de manera tácita",2003-03-01,,No específica,,150
193,Convenio Interuniversitario Universidad Málaga y la Universidad Austral de Chile,Indefinida,1989-11-28,,No específica,,150
194,Convenio de Cooperación entre la Universidad Austral de Chile y la Universidad de Málaga,"5 años, renovable automáticamente si ninguna de las partes expresa lo contrario",2005-04-28,,No específica,,150
195,"Convenio de Colaboración Académica, Científica y Cultural entre las Universidades de Oviedo y la Universidad Austral de Chile",Indefinida,1991-05-08,,,,151
196,Convenio entre la Universidad de Santiago de Compostela y la Universidad Austral de Chile,"2 años, renovación tácita si ninguna de las partes expresan lo contrario",2002-03-13,,Ciencias Veterinarias,,152
197,Convenio entre la Universidad de Santiago de Compostela (España) y la Universidad Austral de Chile,"2 años, renovación tácita si ninguna de las partes expresan lo contrario",2008-04-15,,No específica,,152
198,"Convenio específico de colaboración Académica, Científica y Cultural entre la Facultad de Comunicación de la Universidad de Sevilla y la Facultad de Filosofía y Humanidades de la Universidad Austral de Chile","2 años, renovación tácita si ninguna de las partes expresan lo contrario",2005-10-25,,Escuela de Graduados: Magíster en Comunicación,Nota 1: con Anexo caducado en 2002,153
199,Convenio de Colaboración Académica y Científica entre la Universidad de Valladolid y la UACh ,"5 años, renovables automáticamente ",1991-10-14,,No específica,otros ,154
200,Convenio específico para el intercambio de Estudiantes de Master entre la Universidad de Valladolid y la Universidad Austral de Chile,"5 años, renovación automática",2013-06-06,,Facea,,154
201,Convenio específico para el intercambio de Profesores entre la Universidad de Valladolid y la Universidad Austral de Chile,"5 años, renovación automática",2013-06-06,,Facea,,154
202,Convenio Marco de Colaboración entre la Universidade de Vigo y la Universidad Austral de Chile,"4 años, renovación tácita ",2009-10-28,,No específica,estipula las condiciones de movilidad estudiantil de pre-grado,155
203,Convenio Específico de Colaboración entre la Universidade de Vigo (España) y la Universidad Austral de Chile para el Intercambio de Estudiantes ,"3 años, renovación tácita",2009-10-29,,No específica,,155
204,Convenio de Cooperación entre la Universidad de Zaragoza (España) y la Universidad Austral de Chile (Chile),"4 años, renovable automáticamente por periodos iguales, si ninguna de las partes decide poner término a este",2002-10-30,,No específica (anexo específico para Ciencias Veterinarias),,156
205,Convenio General de Colaboración entre la Universidad Internacional de Andalucía y la Universidad Austral de Chile,"3 años, renovación automática por periodos similares",2002-12-16,,No específica,,157
206,"Convenio de Colaboración Académica, CientÍfica y Cultural entre la Universidad Politécnica de Madrid y la Universidad Austral de Chile.","2 años, renovación tácita si ninguna de las partes expresan lo contrario",1996-01-01,,No específica,,158
207,"Acuerdo de Colaboración, en el área agronómica, entre la Universidad Politécnica de Madrid (España) y la Universidad Austral de Chile.","2 años, renovación automática, si ninguna de las partes se opone",2003-07-02,,Ciencias Agrarias,,158
208,"Convenio de Colaboración entre la Escuela Politécnica Superior de Gandia de la Universidad Politécnica de Valencia y la Escuela de Graduados de la Facultad de Ciencias de la Ingeniería de la Universidad Austral de Chile, para el Intercambio de Estudiantes de Máster y Doctorado.",5 años,2010-05-18,,,,159
209,Convenio de Intercambio de Estudiantes entre la Universitat Pompeu Fabra y la Universidad Austral de Chile,"3 años, renovación automática por periodos similares",2004-07-06,,Ciencias Económicas y administrativas,,160
210,Convenio de Colaboración entre la Universidad Austral de Chile y la Universidad Pontificia de Salamanca,Indefinida,1990-08-01,,No específica,,161
211,"Convenio de Cooperación Universitaria entre Universidades Españolas e Iberoamericanas para el desarrollo de Actividades en las áreas de las Ciencias Sociales, Creación de la red: YVYPORA","2 años, renovación automática, si ninguna de las partes se opone",2002-05-01,,"Ciencias Económicas y administrativas, instituto de turismo",,162
212,Convenio entre la Universitat Autónoma de Barcelona y la Universidad Austral de Chile,"1 año, renovable automáticamente por periodos iguales",2007-11-12,,No específica,,165
213,Convenio entre la Universidad Austral de Chile y la Universitat de Valencia (España),"4 años, renovable automáticamente ",2004-01-01,,No específica,,164
214,Convenio Marco de Colaboración entre La Universidad Austral de Chile y la Universitat Oberta de Catalunya,"3 años, renovación por acuerdo escrito entre ambas partes",2009-04-28,,No específica,,165
215,Addenda Específica de Colaboración entre la Universidad Austral de Chile y Universitat Oberta de Catalunya para la creación de un Cluster Iberoamericano de Colaboración Universitaria en Telemedicina (CICUT),"3 años, renovación por acuerdo escrito entre ambas partes",2009-04-22,,Medicina,,165
216,Convenio Marco de Colaboración a celebrar entre la Universidad Rey Juan Carlos y Universidad Austral de Chile,"4 años, renovable automáticamente",2012-08-03,,No específica,,166
217,Acuerdo de Colaboración para el Intercambio de Estudiantes entre la Universidad Autónoma de Madrid y la Universidad Austral de Chile,5 años,2013-09-01,,Medicina,,167
218,Acuerdo de Colaboración para el Intercambio de Personal Docente e Investigador entre la Universidad Autónoma de Madrid y la Universidad Austral de Chile,"5 años, renovable por acuerdo expreso de las partes",2013-09-01,,Medicina,,167
219,Convenio de Cooperación académica entre la Universidad de Jaén y la Universidad Austral de Chile,"2 años, renobables automáticamente",2008-08-20,,No específica,,168
220,"Convenio de colaboración entre la Agencia Estatal CSIC y UACh para la investigación, la innovación y la formación técnica en las energías renovables","2 años, prorrogable tacitamentepor por otro período igual",2014-06-30,,Ingeniería - energías renovables,,169
221,Memorandum de Entendimiento,5 años,2014-06-24,,No específica,,170
222,Convenios de intercambio de estudiantes de pregrado,5 años,2014-06-24,,No específica,,170
223,Convenio Marco de Colaboración entre CEPC y la UACh,4 años,2014-07-04,,No específica,,171
224,Convenio de Asociación,Indefinida ,2015-03-10,,No específica,Red de colaboración orientada a postgrado: becas de movilidad de postgrado y/ o doctorado,172
225,"Convenio específico de cooperación educativa, 2013 - 2018","5 años, renovable por acuerdo expreso de las partes",2013-09-23,,No específica,Financiamiento de becas de doctorado y estadías cortas,173
226,Acuerdo de cooperación,5 años si activo,2015-03-27,,No específica,,174
227,Acuerdo de intercambio de estudiantes ,5 años,2015-03-27,,No específica,,174
228,Acuerdo de Cooperación e Intercambio Académico y Científico entre Appalachian State University y la Universidad Austral de Chile,5 años sujeto a revisión o modificación por acuerdo mutuo. Renovación debe ser expresa.,2011-05-11,,,Contiene Anexo Acuerdo de Intercambio Estudiantil,175
229,Anexo al Acuerdo del Programa - I (Intercambio de estudiantes),5 años sujeto a revisión o modificación por acuerdo mutuo. Renovación debe ser expresa.,2011-05-11,,,Contiene un parrafo sobre Hosting de corto plazo de alumnos en el extranjero dirigidos por las Facultades ,175
230,Anexo al Acuerdo del Programa - II (Intercambio de academicos y personal administrativo),5 años sujeto a revisión o modificación por acuerdo mutuo. Renovación debe ser expresa.,2011-05-11,,,,175
231,International Memorandum of Understanding,"5 años, renovable por mutuo acuerdo escrito",2012-03-22,,,Años sabáticos/ otros programas de fomento del desarrollo del personal,176
232, Convenio de Colaboración entre la Universidad Austral de Chile y la Universidad de Indiana de los Estados Unidos de América ,indefinida,2000-08-24,,,"Participación en eventos de capacitación & cooperación en el desarrollo y profundización de las diferentes disciplinas científicas, en ambas instituciones",177
233,"Contrato entre Middlebury College (Middlebury, Vermont, USA) y Universidad Austral de Chile (Valdivia, Chile)","1 año, renovación automática por un periodo de 5 años",2006-06-07,,No específica ,,178
234,Acuerdo de Programa de Intercambio de Estudiantes entre Universidad Austral de Chile y North Carolina State University ,"5 años, sujeta a revisión",2010-12-03,,,Estipula las condiciones de intercambio,179
235,Acuerdo de Afiliación entre College of Saint Benedict/Saint John's University y la Universidad Austral de Chile ,,,,,,180
236,"Programa Global Study (Global Study Program) Acuerdo para el Programa (AP) entre La Universidad de California, Extensión Davis y La Universidad Austral de Chile","5 años, renovación por mutuo acuerdo",2013-06-17,,Pedagogía en Ingles,Programa de Becas Chile,181
237,Acuerdo de Colaboración entre UACh y UC Davis,4 años,2014-08-06,,No específica,Estipula la firma de Acuerdos Específicos de Trabajo para desarrollar proyectos concretos de naturaleza amplia,181
238,Convenio de Cooperación por y entre la U. Austral de Chile y University of Florida,"5 años, renovable a través de convenio escrito mutuo",2004-06-03,,Inst. de Med. Preventiva,Estipula la firma de convenios escritos específicos para desarrollar proyectos ,182
239,"Convenio de Cooperación Internacional entre Universidad Austral de Chile y el Consejo de Regentes del Sistema de Universidades de Georgia, Universidad de Georgia, Athens, Georgia, EEUU. ","5 años, renovable por mutuo acuerdo por igual período",2008-09-05,,,,183
240,"Memorando de Covenio entre University of Minnesota, College of Veterinary Medicine y Universidad Austral de Chile Facultad de Ciencias Veterinarias",Indefinido,2005-07-27,,Medicina Veterinaria,,184
241,"Memorándum de entendimiento entre la Universidad de Siena, la Universidad de Córdoba, la Universidad Austral de Chile, la Universidad de Concepción y la Universidad de Montana. ","5 años, renovable automáticamente por acuerdo de las universidades.",2007-06-08,,,"Se debe tener presente que el convenio termina si una o más de las universidades decide(n) retirarse del convenio, salvo que, por separado, cualquiera de las universidades pacte continuar con el convenio.",185
242,Acuerdo para el intercambio de estudiantes entre Virginia Tech y Universidad Austral de Chile,"5 años, renovable a través de mutuo acuerdo escrito",2009-09-09,,No específica,"1.- Se estipula el intercambio de informes que indiquen cualquier desajuste en el número de estudiantes y cualquier otro problema. 2.- En caso de desear terminar el convenio, esto se llevará a cabo seis meses luego de la notificación por escrito.",186
243,Memorandum of Agreement between Universidad Austral de Chile and Virginia Polytecnic Institute State University (Virginia TECH),"10 Años, renovable a través de mutuo acuerdo escrito ",2005-11-29,,No específica,Se exige cierto puntaje mínimo en TOEFL para postular. Igualmente se requiere cierto puntaje para la posibilidad de la beca de Posgrado.,186
244,Acuerdos complementarios al memorando de convenio entre la UACH Facultad de Veterinaria y Virginia TECH,Actualización anual de programas de trabajo.,2004-04-01,,, 1.- Este convenio es una actualización de términos de MOU 1996.  2.-Se contempla la realización de seminarios o enventos internacionales en Valdivia cada dos años.,186
245,"Statement of intention for a colaboration between University Austral of Chile and Virginia Tech + Reglamento del Centro Virginia Tech-UACh, para el Liderazgo en Ciencias y su reglamento.",Indefinido,2008-04-24,,,"Además de todas las propuestas específicas, se considera la colaboración conjunta para postular a fondos CONICYT para apoyar a estudiantes de la UACh que vayan de intercambio a Virginia Tech.",186
246,"Acuerdo de Cooperación entre Universidad Austral de Chile Valdivia, Chile y Plymouth State University, Plymouth, NH, Estados Unidos","5 años, renovable por otros cinco años consecutivos",2011-12-29,,,,187
247,"Exchange Agreement between Universidad Austral de Chile, Valdivia, Chile (UACh) and Plymouth State University (PSU) Plymouth, New Hampshire, USA","3 años, sujeto a revisión",2013-01-23,,No específica,"Limite de 4 estudiantes por año, pudiendo variar",187
248,Memorándum de entendimiento en Investigación y Docencia entre The Public Health Institute (PHRI) y Universidad Austral de Chile,"3 años, posibilidad de renovación por periodos similares, si ninguna de las partes manifiesta la intención de ponerle término",2012-08-01,,Medicina,,188
249,Memorandum de Acuerdo entre Washington State University y Universidad Austral de Chile,"5 años, renovable a través de convenio escrito mutuo",1999-01-01,,,,189
250,Memorandum de Entendimiento entre Universidad Austral de Chile y University of Florida,"5 años, renovable bajo consentimiento mutuo",2013-03-18,,No específica,,190
251,Acuerdo de Colaboración ,5 años,2015-06-10,,No específica,,191
252,Memorándum de Entendimiento,Indefinido,2013-08-23,,No específica,"Define los términos de colaboración respecto del American Corner, UACh",192
253,Acuerdo de Cooperación Académica entre La Universidad de Filipinas Diliman y la Universidad Austral de Chile,5 años renovable por mutuo acuerdo de las partes,2013-11-22,,No específica ,,193
254,CodeWitz Master Agreement,Indefinida,2009-01-20,,Ingenería en Informática,"Convenio específico para programa de ""Open Source"" en informática, desarrollo de programa de un banco de material informático, proyecto desarrollado en el idioma Ingles",194
255,Acuerdo de Cooperación Académica entre University of Eastern Finland y Universidad Austral de Chile,"5 años, renovable autómaticamente",2012-04-25,,No específica,,195
256,"Memorandum of Understanding between Universidad Austral de Chile and University of Jyväskylä, Finland","5 años, renovable por consentimiento mutuo escrito",2012-11-15,,No específica,,196
257,"Student and Staff Exchange Agreement between Universidad Austral de Chile and University of Jyväskylä, Finland","6 años, renovable por consentimiento mutuo escrito",2012-11-15,,No específica,,196
258,Acuerdo de Colaboración en Materia de Becas de Formación a Futuros Docentes entre el Ministerio de Educación de la República de Chile y University of Jyväskylä,Duración hasta 15 de Junio del 2015,2013-10-28,,Filosofia y Humanidades - Pedagogías,,196
259,Convenio General de Cooperación entre la Universidad Austral de Chile y Groupe Sup de Co Montpellier Business School,Indefinida,2013-06-07,,Ingenieria Comercial,,197
260,"Acuerdo Específico de Doble Titulación Magister en Administración de Empresas (MBA) Universidad Austral de Chile, Valdivia Facultad de Ciencias Económicas y Administrativas y Master in Science of Management Groupe Sup de Co Montpellier Business School, Francia","5 años, renovación por consentimiento mutuo entre ambas partes",2013-06-07,,Estudiantes de MBA,,197
261,Acuerdo específico de Doble Titulación entre Universidad Austral de Chile y Groupe Sup de Co Montpellier Business School - Francia Doble Titulación de Licenciatura en Administración (Programa Ingeniería Comercial) Facultad de Ciencias Económicas y Administrativas Universidad Austral de Chile y Bachelor in International Business Administration (BIBA) y Bachelor in Science of Management (BScM) Groupe Sup de Co Montpellier Business School.,Indefinida,2013-06-07,,Ingenieria Comercial,,197
262,"Convenio General entre la Universidad Austral de Chile y el Instituto de Ciencia Política de Lille, Francia","5 años, renovación a menos de que una de las partes lo de por finalizado",2009-01-01,,,Alumnos de intercambio exentos de pago de tasas Universitarias,198
263,Convenio de Cooperación Académica entre el Centro Internacional de Estudios Superiores en Ciencias Agronómicas de Montpellier (Montpellier-Supagro) - Francia y La Universidad Austral de Chile - Chile,5 años,2009-03-04,,,Practica Profesional Regulada por anexo.,199
264,Convenio de Creación del Colegio Doctoral Francia-Chile,"5 años, renovación por tácita reconducción",2-Apr-05,,,Consorcio que promueve el intercambio de doctorados en Chile y Francia,200
265,Cooperation Agreement On Jointly Supervised Doctoral Thesis,"3 años, puede ser extendido si es requerido (especificaciones articulo 4 del Convenio)",2012-09-05,,,Convenio especifico de cotutela de tesis doctoral,201
266,"Convenio de Cooperación Centífica, Asistencia Técnica y Complementación entre la Universidad Austral de Chile y el Instituto VetAgro Sup, Francia ","5 años, renovables por acuerdo mutuo escrito",2012-05-24,,,,202
267,Convenio de Intercambio de Estudiantes entre la Universidad Austral de Chile - Chile y el Instituto VetAgro Sup - Francia ,"5 años, renovables por acuerdo mutuo escrito, 1 año antelación",2012-05-24,,,Estipula las condiciones de intercambio estudiantil: 4/ año por cada U & otras,202
268,Acuerdo Específico de Doble Titulación para la Carrera de Agronomía ,"5 años, renovables automáticamente",2012-05-24,,,Estipula las condiciones para doble titulación,202
269,Convenio de Cooperación entre la Université de Paris Quest Nanterre La Défense (Francia) y la Universidad Austral de Chile,"5 años, renovable a través de un anexo firmado entre ambas partes",2012-03-30,,Derecho,,203
270,"Convenio de cooperación entre la Universidad Austral de Chile y Jean Moulin Lyon 3, Francia","3 años, contempla anulación o enmienda por mutuo consentimiento",2010-05-15,,,Estipula responsabilidades Financieras de Instituciones de acogida,204
271,Convenio de Intercambio de Estudiantes entre la Universidad Austral de Chile (Chile) y La Universidad Jean Moulin Lyon 3 (Francia),"3 años, renovable a través de mutuo acuerdo por periodos iguales",2010-05-15,,,,204
272,"Agreement for the creation of an international joint research unit ""Evolutionary Biology and Ecology of Algae"" UMI ""EBEA""","5 años, renovable a través de enmienda",2014-01-01,,"biología marina, cultivación de algas y conservación de los recursos marinos",,205
273,Convenio de Cooperación Internacional,"3 años, renovable autómaticamente ",2015-11-10,,No específica,,206
274,Convenio específico de cooperación,"3 años, renovable por acuerdo mutuo escrito",2015-11-10,,"Fac. de Filosofía y Humanidades, Escuela de Graduados",,206
275,Carta de Entendimiento entre la Universidad de San Carlos de Guatemala y La Universidad Austral de Chile,Indefinida,1993-05-17,,No específica,Convenio general que abre posibilidades a nuevos acuerdos de cooperación,207
276,Convenio Marco de Cooperación en Investigación y Docencia entre Maastricht Hotel Management School y Universidad Austral de Chile,"3 años, renovable automáticamente si ninguna de las partes manifiesta lo contrario",2012-03-15,,Instituto de Turismo y Hotelería,,208
277,Acuerdo de Cooperación entre la Universidad Austral de Chile y La Secretaria de Agricultura y Ganadería de la República de Honduras,Indefinida,1997-12-12,,Medicina Veterinaria,Actividades Investigativas especificas en el área de la medicina Veterinaria,209
278,Convenio Marco de Colaboración Académica que entre sí celebran la Universidad de Sassari y la Universidad Austral de Chile,"5 años, renovable automáticamente por período similar",2013-03-11,,No específica,,210
279,Convenzione di Collaborazione Universitaria Università di Pisa e Universidad Austral de Chile,"1 años, renovación automática por período similar",2005-02-28,,Derecho,,211
280,Convenio Marco de Cooperación Cultural y Científica entre Sapienza Universidad de Roma (Italia) y la Universidad Austral de Chile (Chile),"5 años, renovable automáticamente por períodos similares",2014-02-10,,No específica,,212
281,"Convenio de Cooperación entre Università Politecnica delle Marche, Anacona, Italia y Universidad Austral de Chile, Valdivia, Chile","4 años, renovable según evaluación de actividades",2013-12-03,,Facultad de Ciencias,,213
282,Convenios para la cotutela de tesis doctorales,sin especificar,2003-03-03,,Fac. de Ciencias Forestales,,214
283,Convenio marco de cooperación académica,3 años,2014-10-27,,No específica,,215
284,"Agreement on Academic Exchange between Faculty of Medicine, Tokyo Medical and Denatl University (TMDU), Japan and Faculty of Medicine, Universidad Austral de Chile","5 años, renovable después de revisado y renegociado por ambas partes.",11-jan-2014,,Medicina,,216
285,"Agreement on Student Exchange between Faculty of Medicine, Tokyo Medical and Dental University (TMDU), Japan and Faculty of Medicine Universidad Austral de Chile","5 años, renovable después de revisado y renegociado por ambas partes.",11-jan-2014,,Medicina,,216
286,General Agreement for Academic Cooperation,"5 años, renovable automáticamente",2014-06-26,,No específica,,217
287,Convenio General de Colaboración entre la Universidad Austral de Chile (UACh) y la Escuela Bancaria y Comercial (EBC),"5 años, renovación automática por períodos similares",01-may-05,,No específica,,218
288,Convenio de Cooperación entre la Universidad Austral de Chile y la Escuela de Graduados en Administración y Dirección de Empresas del Instituto Tecnológico y de Estudios Superiores de Monterrey ,"2 años, renovables por períodos iguales",2002-04-09,,economía y administración,prospectar la realización de un Doctorado en conjunto,219
289,Memorandum de Entendimiento entre Universidad Austral de Chile y El Instituto Tecnológico y de Estudios Superiores Monterrey,"5 años, renovable por acuerdo escrito ",15-nov-13,,No específica,,219
290,Acuerdo de Intercambio Estudiantil entre la Universidad Austral y El instituto Tecnológico y de Estudios Superiores de Monterrey,"2, renovable automáticamente ",2013-11-15,,No específica,,220
291,Convenio General de Colaboración entre la Universidad Austral de Chile y la Universidad Autonoma de Chapingo,"5 años, prorrogable",2007-05-30,,Ciencias Forestales,,220
292,Convenio Marco de Colaboración entre la Universidad Autónoma Chapingo y la Universidad Austral de Chile,5 años,2009-11-23,,No específica,,220
293,Convenio de Colaboración entre la Universidad Austral de Chile y la Universidad Autónoma de Aguascalientes,Indefinida,2009-07-09,,No específica,,221
294,"Acuerdo general de colaboración académica, cientifica y cultural entre la Universidad Autónoma de Nuevo León, México y la Universidad Austral de Chile ",3 años,2009-09-04,,No específica,,222
295,Anexo de Prórroga y Convenios Generales de Colaboración y Cooperación entre la Universidad Autónoma del Estado de México y la UACh ,5 años desde la firma de la prórroga,2011-03-01,,No específica,,223
296,Acuerdo Anexo de Intercambio Estudiantil UACh - UAEM,2 años renovables automáticamente ,2014-06-16,,No específica,,223
297,"Convenio de Colaboración entre la Universidad Autónoma Metropolitana, Unidad Xochimilco y la Universidad Austral de Chile","3 años, renovables por acuerdo escrito",2004-11-30,,No específica,,224
298,"Convenio específico entre la Facultad de Medicina de la Universidad Autónoma Metropolitana, Unidad Xochimilco y la Facultad de Medicina de la Universidad Austral de Chile, Valdivia","4 años, renovable por acuerdo escrito",2013-06-28,,Medicina,,224
299,"Convenio general de Colaboración Académica que celebran la Universidad Autónoma de Yucatán, México, y la Universidad Austral de Chile","5 años, renovable por acuerdo escrito ",2012-10-26,,No específica,Convenio abierto para realizar otros convenios,225
300,Convenio específico de intercambio de estudiantes que celebran la UADY y la UACh,"5 años,  renovable por acuerdo escrito (mínimo 10 días de anticipación)",2013-03-20,,No específica,,225
301,Convenio general de colaboración académica entre la Universidad de Guadalajara y la Universidad Austral de Chile,5 años,2008-01-08,,No específica,menciona específicamente la necesidad de firmar convenios específicos,226
302,Acuerdo específico en materia de intercambio de estudiantes y personal académico,3 años,2014-07-11,,No específica,,226
303,Convenio Universidad de Las Americas-Puebla y Universidad Austral de Chile,Indefinida,1998-05-01,,No específica,Programa específico para intercambio de docentes e investigadores,227
304,"Convenio de Colaboración entre Universidad de Michoacana de San Nicolás de Hidalgo - Morelia, Michoacán, México y Universidad Austral de Chile - Valdivia, Chile","5 años, renovación automática por periodos similares",2010-01-25,,No específica,,228
305,"Convenio de Colaboración Académica, Científica y Cultural entre la Universidad Nacional Autónoma de México y la Universidad Austral de Chile ","3 años, prorrogables tácitamente por períodos iguales",2003-03-31,,No específica,el académico a cargo está jubilado (Fac. de Filosofía y Humanidades),229
306,Convenio Específico entre la Universidad Nacional Autónoma de México y la Universidad Austral de Chile: Programa de Intercambio de Estudiantes,"2 años, prorrogable mediante evaluación de resultados obtenidos**",2003-06-30,,No específica,,229
307,Convenio General de Colaboración Académica entre El Colegio de México A.C. y la Universidad Austral de Chile,"5 años, renovables automáticamente",2012-05-02,,,Exige de Convenios Específicos,230
308,Convenio General de Colaboración Académica que celebran la Universidad Autónoma de Baja California Sur y la Universidad Austral de Chile,4 años,2013-06-12,,No específica,,231
309,Acuerdo Específico de Intercambio Estudiantil entre la Universidad Austral de Chile y la Universidad Autónoma de Baja California Sur,"2 años, renovables por período similar",2013-06-12,,No específica,,231
310,Convenio Marco de Cooperación en Investigación y Docencia,"5 años, renovables automáticamente",2015-10-16,,No específica,,232
311,"Convenio General de Colaboración Académica, Científica y Cultural","5 años, renovable por acuerdo escrito ",2015-11-18,,No específica,Exige de Convenios Específicos,233
312,Declaración de Intenciones entre La Universidad Austral de Chile y el Ministerio del medio Ambiente y los Recursos Naturales de Nicaragua (MARENA).,Indefinida,1996-05-13,,"Ciencias forestales, ciencias veterinarias, acuicultura y pesquería…","Convenio general con interés en área de la protección, conservación, desarrollo y uso sostenible de los recursos naturales y medioambientales.",234
313,Memorandum of Understanding between Massey University New Zealand and Universidad Austral de Chile,"5 años, renovables por acuerdo mutuo",2008-10-21,,"ciencias agrarias, ecología, deportes, forestales",Se regula a través de Acuerdos individuales anexos,236
314,"Convenio específico entre la Facultad de Ciencias de la Ingeniería, en conjunto con el Centro de Educación Continua CEC de la Universidad Austral de Chile y La Universidad Latinoamericana de Comercio Exterior - Panamá",Indefinida,2006-08-30,,Escuela de Ingeniería Naval,,237
315,Convenio entre el Consejo de Gobernadores del Paraguay y la Universidad Austral de Chile,"3 años, renovable automáticamente",1995-09-29,,,Convenio que establece bases para trabajar futuros proyectos en diversas áreas,238
316,Convenio de Cooperación e Intercambio Educacional y Científico entre la Universidad Nacional de Asunción a través de la Facultad de ciencias Veterinarias y la Universidad Austral de Chile,"3 años, renovable automáticamente",1999-03-01,,Medicina Veterinaria,,239
317,"Acuerdo de Cooperación e Intercambio Educacional, Cultural, Científico y Tecnológico entre la Universidad Nacional de Asunción y la Universidad Austral de Chile.","5 años, renovable automáticamente",1988-04-19,,No específica,,239
318,Convenio sobre intercambio de estudiantes entre la Pontificia Universidad Catolica del Perú y la Universidad Austral de Chile,"2 años, renovable automáticamente",2001-10-01,,No específica,,240
319,Convenio Marco de Cooperación entre la Universidad Austral de Chile y la Universidad de San Martin de Porres - Perú.,Indefinida,2005-09-15,,No específica,Cooperación en diversos temas de intéres en beneficio de la comunidad,241
320,Convenio de Cooperación Interinstitucional,Indefinida,2006-06-14,,Ciencias Económicas y Administrativas,,242
321,Convenio entre la Universidad Nacional Pedro Ruiz Gallo y la Universidad Austral de Chile,"5 años, renovable automáticamente",1998-02-09,,Medicina Veterinaria,,243
322,Convenio General de Cooperación Universidad Nacional Mayor de San Marcos y UACh,3 años,2011-07-19,,No específica,"Se regulará a través de programas de trabajo, elevados a la categoría de acuerdos operativos anexos.",244
323,"Convenio de cooperación académica, científica y cultural","5 años, prorrogables tácitamente",2014-07-04,,No específica,,245
324,Convenio de Cooperación Institucional,"5 años, renovable por mutuo acuerdo",2014-11-06,,No específica,,246
325,Memorándum de Entendimiento,5 años,2015-06-16,,No específica,,247
326,Acuerdo de Intercambio Estudiantil y Académico,"5 años, renovable por mutuo acuerdo",2015-11-11,,No específica,,247
327,Acuerdo de Colaboración entre el Instituto Politécnico Do Porto y la Universidad Austral de Chile,"5 años, renovable por mutuo acuerdo",2008-05-27,,Medicina,,248
328,"Convenio de Colaboración entre el Sistema Universitario Ana G. Mendez (SUAGM) y sus tres Instituciones Universidad Metropolitana, Universidad del Turabo y Universidad del Este y La Universidad Austral de Chile","5 años, renovable automáticamente por otro periodo similar, siempre y cuando las partes firmantes se encuentren en acuerdo",2009-05-25,,No específica,,249
329,Acuerdo de Intercambio Estudiantil entre la Universidad Austral de Chile (Chile) y la Universidad Metropolitana (Puerto Rico),2 años renovable automáticamente por periodos similares,2014-02-19,,No específica,,250
330,"Acuerdo de Comercialización de los recursos Genéticos Vegetales entre la Universidad Austral de Chile, el Royal Botanic Garden de Edimburgo y Liss Forest Nurseries, de Reino Unido.","5 años, renovación por periodos iguales",2005-01-01,,Ciencias Forestales - Ciencias Agrarias,"Convenio específico en que la UACh provee de material genético vegetal a las otras instituciones para fines educacionales, investigativos o de conservación de la biodiversidad... ",251
331,"Memorando de Entendimiento entre Universidad Austral de Chile y Universidad de Kingston, Reino Unido.","5 años, renovación por periodos iguales",2008-04-30,,Ingeniería Informática,,252
332,"Acuerdo de Intercambio Estudiantil y Académico entre Universidad Austral de Chile y University of Sheffield, England","5 años, renovable bajo consentimiento mutuo",2014-02-14,,"Animal and Plant Sciences, Biología y Biología Marina",,253
333,"Agreement of Cooperation in Education, Research and Development.","5 años, renovación automática si ninguna de las partes se opone",2001-10-01,,No específica,,254
334,Memorandum de Entendimiento entre la Universidad Austral de Chile y Right Livelihood Foundation sobre la Iniciativa del Right Livelihood College,"5 años, renovación a través de notificación escrita, 3 meses antes de su finalización",2013-11-11,,No específica,,255
335,"Convenio de Cooperación entre el Ministerio de Ganadería, Agricultura y Pesca de la República del Uruguay y la Universidad Austral de Chile",Indefinida,2001-10-02,,Ciencias Forestales,,256
336,Convenio general entre la Universidad Católica del Uruguay y la Universidad Austral de Chile,Indefinida,1994-12-01,,Ciencias Forestales,,257
337,Convenio Específico de Colaboración e Intercambio de Estudiantes y Académicos entre la Universidad Austral de Chile y la Universidad Católica del Uruguay.,Indefinida,1999-10-18,,Ciencias Forestales,,257
338,"Convenio entre la Universidad de la República, Uruguay y la Universidad Austral de Chile",Indefinida,2002-09-01,,Medicina Veterinaria,,258
339,"Acuerdo Complementario entre el Programa de Bienestar Animal en la Facultad de Ciencias Veterinarias de la Universidad Austral de Chile y el Grupo de Bienestar Animal de la Facultad de Veterinaria de la Universidad de la República, Uruguay.",Indefinida,2009-07-31,,Medicina Veterinaria,,258
340,Convenio de Colaboración entre la Universidad Austral de Chile y la Universidad de la República (Uruguay),"3 años, prorrogable",2010-05-19,,Ciencias Forestales,,258
341,Convenio entre la Universidad Nacional Abierta (UNA) de la República Bolivariana Venezolana y la Universidad Austral de Chile,"2 años, prorrogable automáticamente",2009-12-11,,No específica,,259
